scale,mean,var
40961.67624268302,106912.66065227753,1677858920.6103823
28332.95613346922,65074.5738408116,802756403.2610911
30731.14146711045,76305.0266902703,944403055.8715554
27758.452884687085,89526.55436780826,770531706.5513927
28729.649313058362,65511.353577994145,825392749.6513147
28407.192554182748,65162.23170150473,806968588.8104157
17451.769559639404,31346.009668414245,304564260.76275647
17783.84690222684,53973.52182201947,316265210.6418432
23625.52665692575,59884.536801252805,558165509.8171092
27270.50577181372,90153.32327909036,743680485.0505254
29767.195287911672,100938.20051746443,886085915.3086709
27145.362974114272,108633.77558384967,736870730.9964141
28068.458410271425,62331.77183904133,787838357.5291367
27288.54692579347,90144.9587390209,744664793.3212322
36616.90854989491,92232.42929120992,1340797991.751367
27948.698197447196,69916.42016749506,781129730.9319882
35375.62572930908,79094.3169469599,1251434895.740155
28806.90356083178,65584.73377817117,829837692.7630626
25193.346338542306,82710.52645196432,634704699.7337431
26878.00267604076,97397.85844624498,722427027.8532542
35469.15843123665,79172.49199972764,1258061199.8201656
41265.64398517078,107147.17641451625,1702853373.5108612
26556.974791221182,70539.13379178866,705272910.0615574
22144.751650533482,81564.5988288963,490390025.6638054
21544.596333211713,50226.3166746102,464169631.16103965
28168.039136265303,62434.372165860965,793438428.7821738
29633.075909878306,69157.12902566895,878119187.8806099
30782.642054134303,105178.16695036426,947571051.8329579
21579.722119581653,50245.99203377136,465684406.75836164
23751.52677147168,60012.50888540887,564135023.9759359
19672.473767637577,80857.29733778171,387006224.1383886
23917.31118227367,87793.7678218833,572037774.189713
22029.858023998888,81410.10608020698,485314644.5575481
17765.46200670606,53973.28712466807,315611640.31171656
20307.19595183115,73935.38653230749,412382207.42606735
26574.290661669336,69326.27282630898,706192924.1708862
26864.829882331043,97372.82052154967,721719084.606587
27829.102526230734,89653.15060938244,774458947.4154618
28799.564967857532,58398.220194730035,829414942.3378468
26590.69803379326,69384.02825628106,707065221.9243767
23853.256533603027,87708.74855314223,568977847.2578754
27941.491575055017,69942.07258119425,780726951.4388704
26606.183339600168,66559.02682644516,707888991.9004174
57582.58324245496,134453.93599782122,3315753892.8742547
30816.801159583512,105096.75502144753,949675233.7093078
27140.103539172334,108703.8857493021,736585220.1169946
59943.51013268016,156396.3981071696,3593224407.0267286
57594.307799046124,134488.01838360456,3317104290.851265
26460.60332499363,70402.34676925172,700163528.322664
17473.11879355134,31365.089466875466,305309880.3735571
35552.59003335206,126666.05072513106,1263986658.0796044
28818.40647291125,58385.58555184858,830500551.637933
25204.3936387273,82721.65323074828,635261458.6959171
30896.884969962244,76460.41009055628,954617500.8470789
35525.826071484684,126717.18533396881,1262084318.0613809
20344.45607607722,74002.33934772247,413896893.0314353
19682.726144618005,80811.6033226663,387409708.4840292
36606.48558558445,92275.05031660652,1340034786.927602
48678.729779791945,122005.74487642132,2369618732.9740033
59977.15855511406,156422.16116293322,3597259548.3452916
29673.732565245304,69133.15551167699,880530404.3536997
29823.266366236057,101034.44849186356,889427216.7514668
48695.20857781658,122025.95635596105,2371223338.4370613
26653.131121539176,66660.43269558113,710389398.5819601
14334.337606487663,35007.09464151971,205473234.61676645
10162.975250227659,21867.14005583169,103286065.93673995
9898.415736158506,22770.546061142508,97978634.08583033
8593.47717371445,27260.537073602507,73847849.9351513
9214.061690791643,21248.73214407299,84898932.84171416
8964.909090552237,19878.810648873154,80369595.00186615
5151.555166556392,7664.982773881664,26538520.634073853
6004.313962763926,16276.126097909717,36051786.16344184
8276.173795469887,15923.854360999523,68495052.69282244
9306.468852051938,20245.907196840744,86610362.49421293
7296.9093811768425,14633.844692585279,53244886.517106615
7122.219286082512,25496.501804316744,50726007.55904568
8993.359833307943,19148.372438210663,80880521.09135668
8084.082053742151,26232.305576360046,65352382.65163592
7052.852340546437,22204.53455436781,49742726.13755135
7361.697264177709,21933.200040852455,54194586.60940157
10164.720913263369,20531.126097909717,103321551.24453369
7315.268023451153,9990.061687206373,53513146.254926935
5614.172420906455,13616.774154013754,31518931.971666645
7156.909075423356,21361.977122625452,51221347.5138772
9110.237535886838,17667.870225369374,82996427.96028148
10216.859395914094,21912.568666167357,104384215.9158781
4674.804508854185,9940.466943555526,21853797.196003415
5602.359645962179,15634.250425546401,31386433.602705464
4984.228560304804,7181.97085858242,24842534.341358095
5548.729372463165,6890.836930618914,30788397.64883547
3564.571304745528,5324.617893375093,12706168.586615235
3963.0197905630885,11944.171580309117,15705525.860394707
5738.138988208538,10794.604956764486,32926239.0479989
5483.782303792771,10955.979165248178,30071868.355390754
3257.672244491225,14165.956560223327,10612428.452528495
4548.578561082101,18047.091849935317,20689566.926335722
7558.523601216362,21293.5011234425,57131279.030144766
5458.9597193210375,10946.86968066998,29800241.217169616
5536.216117303807,12736.26833253898,30649688.897494435
6239.049233121359,14904.375570232178,38925735.33331222
8223.735761291835,28738.350037448083,67629829.8715502
8101.082113245276,26269.757064070265,65627531.40554254
6084.952082786913,14588.621706270851,37026641.84981278
6143.504670978222,20550.008579015455,37742649.64233123
6630.929140602759,26113.300061278682,43969221.267694846
7934.610614287611,20053.13031933002,62958045.60036561
6067.173133835079,16324.00687682985,36810589.835930176
11116.79050623386,38443.353714168996,123583031.15949126
7351.875009821159,27746.655545720707,54050066.160032876
6218.31358490754,21972.662967249948,38667423.84024566
7750.540961729654,28427.716347790563,60070885.199449226
7981.92924960492,30480.73296112208,63711194.54569856
9029.213561018638,18033.065908626675,81526697.53048287
5527.738652168135,6884.804248655273,30555894.606673587
7662.845739103119,22996.737931504053,58719204.82129082
7779.450402613541,14414.125825560019,60519848.56672399
7836.711719762067,22071.732075985565,61414050.57865614
9335.61183006652,20264.235922925036,87153648.24167797
7012.420983380287,27788.027098794853,49174048.04815215
5244.569920379428,20014.614897528427,27505513.649748683
5384.791397674353,16682.929461428474,28995978.39646771
10823.481171437094,20943.62681282767,117147744.66845326
10382.130697012526,22255.835024171036,107788637.80984978
11545.905008566036,32346.84905018043,133307922.46683027
7874.002951603894,14807.347722475659,61999922.48186684
7942.139894071703,20043.34452236672,63077586.09700527
7124.805038279125,20776.013208960307,50762846.83348761
6086.774158820337,14283.878872472254,37048819.660483025
11587.407645325862,24599.876353237556,134268015.93895623
9118.80909792682,17658.64860080343,83152679.36443295
8927.349256601396,19631.871791380134,79697564.7493415
7005.0823905681145,17197.781098931027,49071179.298647486
9667.417270336779,19397.5783345816,93458956.6788058
9260.260097263565,21299.978143936816,85752417.0689718
5282.608997916461,11056.821270511336,27905957.824867953
5644.417488714644,13823.531354258868,31859448.78690772
6096.786247717433,14320.176959215632,37170802.55035642
7850.561928876823,22082.015592020154,61631322.59913018
6654.819689411271,22527.762102539662,44286625.09857593
5815.690275663363,23774.31701504732,33822253.3824454
7176.804774579046,18151.068768298494,51506526.7724206
8244.870610143682,28763.901273234835,67977891.37801106
7930.414385307731,29097.57302376251,62891472.32269581
6821.680197593647,21376.46047525022,46535320.7182413
11010.180480363784,18071.24000817049,121224074.2101837
10219.367973759354,20566.72254374617,104435481.78309835
8260.170260185152,20466.245046639884,68230412.72724725
7301.862618523633,20057.608497310546,53317197.6997928
11648.136784950102,24639.551984748417,135679090.56090772
14475.680971792737,35087.22897800776,209545339.59712234
8630.980269235346,23554.398107169607,74493820.40792984
7632.524160723418,23854.470960713556,58255425.06402673
6497.852017265372,13117.264587730646,42222080.838279665
9102.641277185243,18079.403690338393,82858078.22111659
6715.808776831988,16649.343637230202,45102087.52697357
5992.927574649302,22686.341866957173,35915180.91499197
6216.9152651446075,15629.760740791176,38650035.41398805
7636.1616402985155,21350.45870497719,58310964.59676652
5151.678497850121,23838.208892217608,26539791.345211275
5203.11094307579,20735.193300197454,27072363.485955033
6193.53767682262,15609.872608429223,38359908.95422133
5740.664980801242,10803.403486076122,32955234.421797715
5111.639422143325,13075.095526656227,26128857.58200974
5413.42422924129,10734.450534486281,29305161.88573665
7191.5845364168,18164.787090624362,51718888.144429244
9062.711206422546,19197.216654183972,82132734.41101679
6770.600281236202,12510.1367195479,45841028.16827574
5808.7429289643605,12557.07190032001,33741494.414793454
5935.99494858328,16764.177776264725,35236036.02960622
7890.680500496047,14823.44508749234,62262838.76090855
6689.526199092398,13807.438755361885,44749760.76834359
10370.844391201479,23757.500578743107,107554413.38651517
7147.025617411848,19279.493089126438,51079975.1759412
7345.656534371678,27780.547150541293,53958669.920957334
10819.126085454878,34694.89739225165,117053489.2529702
7785.157916381214,23416.602709879484,60608683.78299308
6481.265014897568,13107.790358820726,42006796.193335176
5009.543620671888,7194.844147885886,25095527.28741441
6346.352112110544,19529.410226731125,40276185.13088996
5185.026039267085,10410.581398515695,26884495.02787772
6109.287510667128,14339.697828011167,37323393.88799336
8364.316932974012,15976.726969428746,69961797.75523579
5777.2966567914655,18751.760400354055,33377156.660573844
4605.722424114417,10939.23136106761,21212679.047990378
3213.3815677384364,15208.998229726969,10325821.099881131
5386.603156030745,16692.165452440935,29015493.560560383
5663.383287098198,20903.74991489072,32073910.25658319
6814.853761911944,28049.02110710152,46442231.796245374
5955.130013457101,16753.860284605435,35463573.477177575
6678.745687337711,26166.221147953973,44605643.956132084
7637.420472740291,28870.008034316063,58330191.477432534
5792.083844069845,15995.58003676721,33548235.256734915
7588.8970686807515,23796.2916865255,57591358.719031304
5588.298930949435,15613.86021651801,31229084.9416506
7195.516890985129,21812.238442159734,51775463.3284523
6402.079886187781,20184.705930414653,40986626.86913015
5630.042718495094,13807.924559133928,31697381.012079626
6018.145705538438,16302.085790154559,36218077.73309074
4808.740365057002,10890.819159801185,23123983.898528554
4068.244490056437,12969.026281745762,16550613.230874557
4585.857852824806,10913.363382583237,21030092.246314947
5239.609226258143,20016.83876897937,27453504.843889456
6840.674623897137,22395.97582896439,46794829.310030244
6005.2072030201225,20604.436508476883,36062513.55120476
5802.735774382949,12531.613876217063,33671742.467303686
6145.605469707667,20548.517872948865,37768466.5893008
11584.46980740018,24039.96459453939,134199940.7185664
6705.959108309294,12202.232110029277,44969887.56231637
7284.071362966711,20026.83121127528,53057695.62079171
7165.377978327311,21388.2666984408,51342641.57229799
8496.4965012919,29964.803635868455,72190452.79646549
9844.30957893569,25986.26533669231,96910431.08592498
7014.533929162517,17203.56771294342,49203686.243372135
8631.996606280787,27314.643085722066,74511365.41084303
9272.787337696556,24918.554572070538,85984585.01014559
6414.549687691237,20210.0684959488,41146447.695859745
5177.608757725939,10400.80949138694,26807632.44808034
7785.642913589376,14432.507251310682,60616235.57792446
9278.470678882855,13859.9247633962,86090018.13888888
8858.911547984539,19700.23612718731,78480313.81501383
5422.93782841211,10736.600258732213,29408254.690823056
6242.900347129446,14935.127323483353,38973804.744188964
8770.781007062798,24196.16347790563,76926599.47385351
9164.154226651157,19508.725062980866,83981722.68984827
5184.624062114136,20695.4876421325,26880326.665452886
4539.929607706642,18046.120106216382,20610960.842931382
8854.859330358766,29471.148158235173,78408533.76044169
9151.874090525565,19492.562674474026,83756799.36883315
6819.558774168317,21372.645604956764,46506381.87433608
7370.625346597561,21950.072581194254,54326117.99990641
8196.673909153176,14399.55348267175,67185463.17299242
6712.367873967543,12214.899026349833,45055882.475471556
5778.046945195831,15975.0524954041,33385826.500886865
6080.281551174714,14284.080751685164,36969823.74155559
5736.092205757659,12976.386668482332,32902753.792953763
10597.88375455341,23317.952543065298,112315140.07502708
7786.45892729728,23389.845237284673,60628942.6264875
7992.0432903306455,30501.48914005583,63872755.954519086
25548.467020398293,53290.29856335535,652724167.0923793
19389.983577469215,27265.330700619597,375971463.13452584
5991.899294457012,22637.309048818683,35902857.15491444
3959.7219290684816,11947.037175733642,15679397.755545815
16455.450774157096,50815.22339483898,270781860.1807074
8873.591980723544,19694.48628038401,78740634.64036119
5818.850805184447,23773.10757813032,33859024.69299569
7135.3900412207695,25541.245659426702,50913791.04035254
12712.423097679235,38765.6995982842,161605701.0144085
6006.5785403935515,20618.662218288282,36078985.761916324
6816.815085621593,28029.329951657928,46468967.91155813
11534.174681813416,32362.750119152992,133037185.5905856
18034.116772281322,41688.16327364336,325229367.75627846
25545.245432941912,54311.375161707634,652559564.2292396
10387.381182696437,23748.675903860556,107897687.83463605
11121.623832379604,38473.565397971,123690516.66895398
26945.498579650433,48907.05269966637,726059893.7059435
10608.332696766127,23350.588888132363,112536722.6052773
8589.477349889645,23501.724450194048,73779121.14426725
4663.070175256622,9930.104786545924,21744223.45936782
8494.7050702698,12087.287533192619,72160014.23086743
9271.875268740308,24879.915231156807,85967670.99907815
5268.111628871794,11052.020562402124,27753000.13425423
5171.568118526464,7676.697896098591,26745116.80455935
4135.8976430378625,1731.4430448696125,17105649.313686144
4831.467532136924,10902.310887179137,23343078.514093257
5766.9194159359395,18723.866276298766,33257359.54989892
7016.765776123837,27804.266970790493,49235001.95698275
13905.074132699436,41377.82515149452,193351086.63586697
12740.02573255153,38755.34962892354,162308255.66607517
6752.819532372692,12497.102199223804,45600571.63679414
6089.851614411107,14595.309116906108,37086292.68554557
11684.19765683071,16887.98495267924,136520474.88388824
8209.927901203919,14401.370055150814,67402916.14296658
8245.135016190334,20452.312044665352,67982251.43520796
5625.347978929964,13625.074691904405,31644539.884051427
6796.654285419857,18656.51392387826,46194509.4755161
8507.147832629887,29983.018043167427,72371564.2462194
8951.910138379097,19652.83107510043,80136695.12561446
9954.63076196469,22822.10213113638,99094673.60705373
8525.048405199117,12120.205215496699,72676450.310988
7244.008874499117,21860.34343296793,52475664.57382196
6332.205599370575,19521.51120038129,40096827.75270007
7671.959197473696,23027.018179342274,58858957.92770124
12884.859957441326,33319.05555933819,166019616.12287486
16441.73072892464,50843.0505208688,270330509.36246467
5116.126999262335,13079.561721250086,26174755.47258102
5563.6073168801195,12765.518349560836,30953726.376442004
5133.627970868072,18652.65112003813,26354136.143279042
8869.941710177865,29497.276707292163,78675865.94195305
5152.021289071916,23803.208892217608,26543323.36305024
3263.2880495714912,14168.804589092395,10649048.894476106
5137.063554788328,18647.55954245251,26389421.965934493
8775.915427530592,24189.44896847552,77016691.59116945
7918.8581739760075,29088.87655749983,62708314.77954663
7049.992517421469,22228.04418873834,49702394.49569869
11672.40518488362,16896.121263702593,136245042.80009803
11606.829973097707,24058.286511881255,134718502.0243993
7628.578666010688,28850.171580309117,58195212.463513404
7117.331161545447,20776.355348267174,50656402.86310586
9352.727253989773,23445.969633008783,87473507.08752309
26966.352558413124,48928.46953087765,727184170.3046341
10829.15748314078,34675.33798597399,117270651.79466397
7747.408390376949,28443.74514877102,60022336.76728314
17719.861476955888,39978.66228637571,313993490.76250535
25577.72720197259,53318.9270102812,654220128.8185287
6704.933703411958,16617.315449036563,44956135.96714959
3581.5888755770643,5333.761762102539,12827778.873657381
12906.884410733404,33317.91931640226,166587665.192033
9290.606851943434,13861.347382038537,86315375.6773783
6668.428435543784,22529.579832504936,44467937.79996891
7341.29296866398,14671.717505276776,53894582.451755196
13904.435661342277,41405.057057261525,193333331.06040683
6851.713622728377,22423.476271532647,46945979.56788162
5667.238133342001,20886.810989310274,32117588.060005724
10378.540524011716,22272.47102880098,107714103.40855339
16398.62435914493,37151.85218220195,268914880.8723415
18056.369347646018,41709.18315517124,326032474.0186107
6705.352524423408,13817.866344386191,44961752.47679137
6081.154347759898,16345.574521685845,36980438.20127911
9365.63006683521,23467.362565534146,87715026.5488077
5745.026629489267,13023.35208007081,33005330.97354081
5288.842693341773,11694.758834343296,27971857.034914657
3478.108270339079,6774.077347313951,12097237.1402011
3264.9941342314914,7376.401920065364,10660186.696566047
2939.763739389702,9159.330836794445,8642210.843430525
3261.110463805075,7703.999931912575,10634841.457138952
3369.991346672008,5816.6676652822225,11356841.676644213
1973.614992751061,2657.8909920337715,3895156.139611771
2037.0481455788222,5687.020290052427,4149565.1474061185
2623.718164048345,5108.841492476339,6883897.004357219
2888.788144635536,5288.231020630489,8345096.944586822
2212.226525937508,4293.239054946552,4893946.202061537
2663.5166186578535,8078.954449513175,7094320.777866566
2983.4285725504133,6262.258868387009,8900846.047510197
2823.189486533611,7969.928372029686,7970398.876873916
1559.9236642334347,6130.528086062504,2433361.8382354653
2070.870227981202,6895.848573568462,4288503.501138914
3527.345027332717,6672.492544427045,12442162.941848846
2115.833248004402,2979.732756859808,4476750.333360856
1692.5579011802126,4226.320555593382,2864752.2488475665
2462.380302672126,7367.843330836795,6063316.754987671
3006.3298317825265,5753.932457275141,9038019.057465555
3383.8268511086967,5823.2229863144275,11450284.158284198
1320.3774408656263,3105.293865323075,1743396.5863468605
1761.9421772160763,5194.833321985429,3104440.235852927
1442.0013939249,1732.7767413358752,2079368.0200813545
1613.7660285513603,1406.9182270034726,2604240.79490643
1019.620087084135,1270.5489208143256,1039625.1219854589
1304.8530565659175,3254.018111254851,1702641.4992294176
1776.0140472396586,3312.08517736774,3154225.895992592
1626.5235859313027,2835.6615374140397,2645578.975590824
1342.1976117727277,4233.2369442364,1801494.4290484136
1762.801011081331,5892.90937563832,3107467.4046693626
3162.092288719433,5504.58500714918,9998827.642378902
1890.9358289043337,2655.5515081364474,3575638.3090341194
1796.3452696698755,3465.624702117519,3226856.327865338
1850.3640040183113,4297.26928576292,3423846.947366677
3102.9254042382627,6778.720773473139,9628146.064267185
3041.138530738759,5385.42091645673,9248523.563143898
1851.8803501796167,4179.221488391094,3429460.83138138
1864.7160142231767,3901.573772724178,3477165.81370037
2238.0750764130066,4303.7653026486005,5008980.047661085
2266.7123957742015,1739.1233063253217,5137985.085156419
1530.56126846098,2285.802546469667,2342617.796512884
1801.2589003873554,6304.596718186151,3244533.6262246645
2310.8696569987615,5982.662558725404,5340118.571637573
2187.624776472744,4571.602097092667,4785702.162637424
1656.5028207015753,6205.422550554913,2744001.5949922753
1955.7600515222223,8735.746782869204,3824997.3791302056
3337.990575719617,5675.109552665623,11142181.083592981
1740.341670535099,1966.6782188329817,3028789.130200899
2322.1079516242557,6757.996731803636,5392185.338996597
2325.2378570730534,4747.913733233472,5406731.091965686
2291.2883132472584,6685.407571321577,5250002.134423466
3038.103423358249,5383.839926465582,9230072.411021113
1942.4582900569587,8142.427180499762,3773144.2086110036
1528.8625875863274,6018.92074623817,2337420.8117211605
1337.3208053241208,4284.988969837271,1788426.936352755
2033.224247101504,4394.189351126847,4134000.839001478
1863.300650927167,5148.919724926806,3471889.315745604
2362.2966478949884,8375.85013957922,5580445.452655898
2246.2282580209553,4690.907673452713,5045541.387131856
2127.6800407913943,6243.39912848097,4527022.35598207
1775.1925087238606,6404.554095458569,3151308.443029314
1691.4999559867244,4592.443521481582,2861172.1011030907
3419.7758868487563,6093.352148158235,11694867.116272196
2737.351722515265,4010.5167154626542,7493094.452757289
2439.2463422809574,5326.730986586777,5949922.718331029
1872.4826925287543,5098.559065840539,3506191.4338197336
2646.7477287249626,2938.003744808334,7005273.539510749
2123.156722353853,2986.3724382106625,4507794.467676357
1335.3879684446533,2018.1973854429086,1783261.0262667385
1371.6309747039986,2045.921018587867,1881371.5307674413
1458.6025824621474,2472.069040648192,2127521.4935652455
1657.869337329447,3347.2280247838225,2748530.73965718
1367.0133627966854,3767.767753795874,1868725.5340647022
1281.7221036384617,4028.393409137332,1642811.5509554034
2024.8314530724958,4192.6868659358615,4099942.413351675
2369.2412247233005,5325.967930823177,5613303.980928366
1959.5593776195906,6961.606386600395,3839872.954416877
1634.9366108522775,4879.062436168039,2673017.721505131
2802.7258230520865,4124.836998706339,7855272.039202995
2744.713580110076,4017.703206917682,7533452.6368406685
2199.416843170321,4880.926874106352,4837434.450021301
1729.943937461867,4641.423163341731,2992706.0267610685
3029.4205525852494,4953.589705181453,9177388.884425918
3501.8164204620216,6794.440253285218,12262718.242617447
2139.1893986846885,5448.832300674066,4576131.283444959
1796.1813565372283,4713.542792946143,3226267.4655719176
1336.478009359135,1964.9720841560563,1786173.4695005561
1400.7487323358794,2050.881459794376,1962097.0111405728
1007.5294806942878,2343.7832777286035,1015115.6544681013
1220.5936811375952,3579.4891400558317,1489848.9344330255
1495.562977651825,2698.892966569075,2236708.6201227927
1669.1659408716491,3347.4783141553753,2786114.938165938
1627.038333908223,5081.523728467352,2647253.740006846
1424.794109423795,4503.350650234902,2030038.2542487446
1472.2824308970667,1954.445291754613,2167615.556328176
1539.7910531330344,1372.725471505413,2370956.4873085395
1093.6670841966366,2075.0863348539524,1196107.6910551728
1036.0749100937765,1779.1065568189556,1073451.219325827
1673.8173414788134,1860.1868318921495,2801664.492635203
1751.7111552829217,1969.9271464560495,3068491.971542628
1209.992095762097,1707.4551644311296,1464080.8718067517
1045.3358612470554,1352.5206645332607,1092727.062809123
1030.022170986744,1504.8327772860353,1060945.6727242453
1052.7486319404638,818.8848641655886,1108279.682052518
766.9885909249665,1119.2848777830734,588271.4986090655
899.8147633500624,1881.0362225097024,809666.6083427288
1236.6060170173498,2102.288009804589,1529194.441323514
1365.3849849039625,2087.058419010009,1864276.1570011938
1073.276080823423,4270.83093892558,1151921.5456676867
1069.944139705323,3483.0044256825763,1144780.462089764
1794.9312638415486,2615.4499897868864,3221778.241915819
1542.2036368291635,1373.927010281201,2378392.0574490987
1518.5366714754812,4398.022809287125,2305953.6226158338
1264.9646615408558,2406.17130795942,1600135.5949471716
1507.3684766468973,2523.720433036018,2272159.7243887875
1906.4272957440203,2662.0952543065296,3634465.033957858
1242.3073397782919,3623.6663716211615,1543327.5264670164
1007.4023649066974,2145.5426567712943,1014859.5248196067
738.0256980739504,2580.457207053857,544681.9310175417
877.1701038343168,2538.273234833526,769427.3910607062
935.0804910398685,3779.3169469598965,874375.5247233616
1193.7141183293063,5267.2835160345885,1424953.396298713
1313.9640751400982,3313.3684210526317,1726501.5907587735
1564.5301375108309,4167.17403145639,2447754.5511796596
1573.9975193544221,6869.390685640362,2477468.1909338743
1047.8793540269958,3695.4127459658202,1098051.140596034
2560.743769943939,5996.163477905631,6557408.655306695
1662.0814418494288,3337.475522570981,2762514.719340276
2566.1335650763554,5881.427180499762,6585041.473811486
1932.4833306143535,6077.598965071152,3734491.8231023448
1773.861258868877,2789.1036971471367,3146583.765715877
1620.7954929396356,2838.446449240825,2626978.029933436
1246.0159251383814,2415.163818342752,1552555.6856984566
1171.9775371250491,2903.353169469599,1373531.347525696
1491.060498575945,1997.8395179410363,2223261.410413546
1531.1187192821988,2722.2850820453464,2344324.5325363604
1491.0425932360558,4041.427248587186,2223208.0148441023
1230.2069828447725,3974.0225369374275,1513409.2206400381
1796.8071262385074,2580.252876693675,3228515.848901483
1889.2848376309084,3463.872608429223,3569397.197702048
1927.2070314492976,5704.302376251107,3714126.942067614
1682.6113246762593,3154.9098522502895,2831180.8699287963
2755.89990140277,6630.5732961122085,7594984.266551797
2369.1363147410925,5331.66235446313,5612806.877825006
2530.433768785397,9718.94219377681,6403095.05820947
2472.782991581247,7055.4397085858245,6114655.723453502
2363.2612909238146,5330.752434125417,5585003.9291788945
2833.02496243201,7984.078096275618,8026030.437762891
2142.266734325907,6991.773541226936,4589306.760999385
1480.1188209251584,5961.145230475931,2190751.724056881
1453.1404364945022,2945.940219241506,2111617.1281754323
1867.9844302073454,2825.7429018860216,3489365.831497061
1648.8875384004195,3043.209300742153,2718830.114292195
1782.1314236468872,5772.66650779601,3175992.411149681
1664.4760007631537,3007.630149111459,2770480.3571165022
1886.7522628602776,3466.802546469667,3559834.1014083778
2008.6286237896193,7147.212500851093,4034588.94830698
2045.281828418914,6925.643630421461,4183177.7576606167
1971.4266883494672,6045.108735616532,3886523.187536547
1556.6363609080547,4162.112957036836,2423116.7601010716
2262.4811161414655,9721.905835092259,5118820.800896731
2346.529627336901,6183.304282698986,5506201.291969854
1964.5518296024848,5798.001361748485,3859463.89119447
2130.2664952951836,6249.562197862055,4538035.3409772245
2423.9816499071508,4445.319466194594,5875687.039086592
1915.5494682095289,3559.2967249948933,3669329.7651578085
1325.0477532961143,3905.4624497855248,1755751.54851508
1607.1736921621878,2908.851024715735,2583007.2767782384
1367.4673915676867,3531.6778783958603,1869967.0670009332
2449.620793805755,5976.9729012051475,6000642.033445537
1808.1708270331164,6840.982433444543,3269481.7397336243
2302.2835813970564,7400.514060053109,5300509.6891704565
5137.259926783501,16103.657111731463,26391439.555335626
5044.693529882678,8096.776741335875,25448932.810440157
1989.3505044567896,4747.091781847893,3957515.429582483
1365.2008918318104,2085.8875195751343,1863773.4750583705
3924.828450355349,15008.773064614965,15404278.364718772
2585.064712904325,5904.308504119289,6682559.56990312
1672.579148956386,4648.6676652822225,2797521.009523669
2189.719934433076,4575.422414380064,4794873.391253594
2645.1848745534235,8451.272417784436,6997003.02056621
1241.1311704526072,4296.20780281882,1540406.5822690586
1333.8444977706392,5055.625791516307,1779141.144233009
1293.7536691460946,3905.767821883298,1673798.5564289822
2248.226590999214,7765.344658541568,5054522.804475945
4119.455005663731,11700.036767209096,16969909.54368797
1495.5823618482368,4381.873221216041,2236766.6010715505
2307.057575990646,7401.267787839586,5322514.658935835
4543.00768526487,12978.723156532988,20638918.82837567
1885.4565941202968,5716.912984271805,3554946.56831171
2971.646906081039,6095.348948049295,8830685.334421013
1391.4552743556064,2044.6402941376728,1936147.7805320357
2421.8661955375214,2773.863484714373,5865435.869087388
2986.794262979335,7118.354326955811,8920939.969366271
1652.4002870357247,2503.381970450058,2730426.7085957453
1606.851664321895,1404.6349833185811,2581972.271134044
1261.707184560114,407.82562810648875,1591905.0195706093
1406.5663632429523,2568.4446108803704,1978428.9342065048
1789.5677748875084,3445.9182270034726,3202552.820915828
1900.9793779509707,4288.569619391298,3613722.5953948596
2296.303598320872,7525.157554299721,5273010.215661384
2244.7167525382292,7736.288418329134,5038753.299125774
2236.247148289489,3396.0907605365287,5000801.308232871
1866.7209103598268,2824.0319330019747,3484646.95717462
2029.2054400749512,3672.226322598216,4117674.7180297766
2459.408346351703,4520.8734935657385,6048689.414104419
2563.4351282358048,5329.626812827671,6571199.656673318
1652.0990988505414,3343.8427861374003,2729431.432422771
1699.618681483598,4922.706679376319,2888703.6624480444
2576.126923129105,8474.433512630218,6636429.924070629
2803.6566673710245,5600.366923129298,7860490.708493999
2900.4774027965173,5296.859876080888,8412769.16413323
2384.3506044356523,3199.7593109552668,5685127.804872661
2010.3002445429352,6165.875740450739,4041307.0732093845
1711.748973910969,4353.835636957854,2930084.549685255
1901.1075215803419,4289.983590930755,3614209.80860935
1840.2723989834064,7674.696330087832,3386602.502460142
3088.8839176282154,11468.087083815619,9541203.856582232
1598.113845437859,3610.812487233608,2553967.862980181
1532.6818859609125,2726.3987880438485,2349113.7635526992
1201.8944390376366,4871.399332743243,1444550.242589595
2111.219057707121,8804.61816572479,4457245.9096257435
1244.3329490896365,4720.923946347109,1548364.4881901117
874.7367306870356,2538.564172397358,765164.3480130434
1125.3388361444547,3535.6699121672227,1266387.496134956
2709.4730181007953,5887.329747395656,7341244.035816234
2141.0407190074397,6557.715939266018,4584055.360447895
2034.7632303646753,4394.774222101178,4140261.403644089
3291.511127949575,4022.890855858923,10834045.505415883
3668.9556613430022,5967.5298563355345,13461235.644900866
1531.852313161576,5589.324164226868,2346571.5093384706
1384.883650425564,2354.7081772996526,1917902.7252160355
1527.6113877701239,3584.322666303534,2333596.552044964
6906.836936786729,10726.761830189964,47704396.47136149
1843.9323323440635,6741.103629059713,3400086.4462638176
1293.915301440463,3905.316061823381,1674216.8073017644
3221.6260234004953,8193.72799074011,10378874.23465129
6315.307246312573,13505.903179682713,39883105.61532809
2157.150509279346,3206.2320419418534,4653298.319684141
1051.1828468878562,818.2407571321577,1104985.377591258
2294.4156608537783,7049.0768707019815,5264343.22477108
3001.4763222319716,3733.2274119970043,9008860.112919161
1948.9147615731847,4366.5106556818955,3798268.7478778637
2272.081078035345,1741.2259140736705,5162352.425166256
3205.218150324013,9221.951930278477,10273423.391166488
1779.7784313662912,4712.692857629196,3167611.2647566563
1290.0689706401583,3301.766187785116,1664277.9490085575
1386.1994837837722,2358.0566487369783,1921549.0088423965
2306.698036272821,7564.762306801934,5320855.830544888
2981.223960663864,7550.053789065159,8887696.303636337
1488.7220621054405,2722.703819704501,2216293.3781994754
1609.1925931598882,2908.6663716211615,2589500.8018806456
1871.4364584470475,5138.385510996119,3502274.418004828
1583.8668139665936,3513.095390481378,2508634.084384688
4021.903896452254,8734.347994825355,16175710.952297822
3028.3409935732925,4949.03186491455,9170849.173356477
2747.3707527105134,4466.712875331927,7548046.0528491335
2249.099459049914,6446.912507659836,5058448.376698615
2923.8156569738035,5472.990740110302,8548697.995965155
3019.351522127074,5756.220126642609,9116483.61417108
1623.7978119516576,1926.0024511472732,2636719.334098991
1856.4880214936688,4500.826717505277,3446547.7739494774
2330.885340313547,3854.4004902294546,5433026.469688602
2803.34710203751,5604.683257302377,7858754.974502104
1989.4803661347757,3716.1517668686593,3958032.1272357614
2087.25200561875,6454.370055150814,4356620.9349594945
2194.1692362501853,3857.590249880847,4814378.637306722
2364.212692623535,5328.94988765575,5589501.655962225
1187.8155894994363,3862.375774494451,1410905.8746578933
1622.2023850089222,4145.7790563083,2631540.5779286353
3264.4297563819937,6315.936474433172,10656501.634352202
2654.1862620107313,2943.7561108463265,7044704.713446498
1848.3785163541054,3852.1143187853204,3416503.139719404
2303.395986042445,6278.832777286036,5305633.068516449
2931.1861173696107,5483.28882685368,8591852.054660333
3284.0066328162484,7726.160413971539,10784699.564381113
1510.805829768454,3138.883025805134,2282534.255262347
1819.7812286799472,4947.99359978212,3311603.7202558983
1514.3058407627811,2475.5805814666032,2293122.179368274
1662.0202950481662,2507.4218015932456,2762311.4611519934
992.599747911832,1780.2276162592768,985254.2595546325
1404.715248071511,4290.979709947573,1973224.928164607
1742.722738508355,2659.5765643085724,3037082.5433140597
1783.554821620162,2795.18907877715,3181067.8017245284
954.2301416534123,3334.8433308367944,910555.1632398913
1445.3401581023904,5029.0563763872815,2089008.1726234427
1933.5758468994125,4726.887996187104,3738715.5557127804
1505.8247114214832,2523.3496289235377,2267508.0615275935
1377.5810691772313,3206.0634574794035,1897729.6021554833
1600.4867886156023,3862.2846054333763,2561557.960533084
2455.180453124426,6478.245182814734,6027911.057404262
2306.1033156103517,6695.718458500715,5318112.5022690585
1692.45152353063,3628.322802478382,2864392.159501151
1639.4642924010616,5277.967930823177,2687843.166058114
1633.8694784693685,5830.083270919861,2669529.472673766
1949.8097942276286,4372.649417852523,3801758.233665987
1364.3061560314936,3713.213930687002,1861331.28738543
2211.929991073452,8610.269558112617,4892634.285410202
1615.1524126613454,5434.1060121195615,2608717.316125765
1675.8844124028656,4657.105807857289,2808588.563734898
1493.2342193220525,6226.8108531354255,2229748.43375434
1859.856390118495,7454.245318989582,3459065.7918645996
2276.4554334478084,4921.144685776537,5182249.340474049
1671.0541103180176,1861.894124055287,2792421.8396107415
2003.0862772444673,6861.437734050521,4012354.634085099
1938.082820629025,4505.400081704909,3756165.0196173578
2454.09221502474,6477.1229658882,6022568.599845036
3123.055019772568,6794.0409205419755,9753472.656526634
2046.2656521855054,8841.473411860828,4187203.1193141714
1545.0450081714262,6648.8382923674,2387164.0772754424
1365.4179850589173,5550.343296793082,1864366.273922354
2145.378933291608,6565.889902634984,4602650.767411439
1996.441331890791,6516.201811125485,3985777.9916818757
2908.116324048725,10463.885817389528,8457140.55419867
1845.8787122717454,4454.644924082522,3407268.220417997
1963.9777973371476,5797.02226458773,3857208.7884332743
1797.8129435352541,6309.936202083475,3232131.379942895
1666.8281691819714,4812.761149315721,2778316.1455785227
3635.6894020691216,6060.00449377,13218237.428317728
2825.184222987341,4133.642745284946,7981665.893816586
2878.2933859354907,3874.1108463266833,8284572.815519992
1949.443757494578,4001.609110097365,3800330.963634579
3271.045672151185,6314.2504936338255,10699739.789298998
3552.768869646052,6695.546333492204,12622166.641126085
1756.7870656762052,2850.4198270579423,3086300.7941272114
1845.865426018607,4703.6788316198,3407219.1709708534
1969.2388891350533,3558.3526928576293,3877901.802481859
2574.5789338405857,5336.237761285491,6628456.686575728
2024.8082261079492,5591.701845169197,4099848.3525144197
1883.6774803332314,5977.598692721454,3548240.8499145517
1976.6096980828702,3816.3639953700554,3906985.8985552555
2774.3185399151466,6647.615510315245,7696843.360916912
1296.0261156108927,5091.517055899775,1679683.6923454588
1587.7459486357704,4499.295635596105,2520937.197409303
3646.982728164609,6066.146251787295,13300483.019530972
3444.759621222709,6106.775788111936,11866368.848006422
2543.6407685258596,5717.61687206373,6470108.359306826
2338.967553610049,6744.237761285491,5470769.216840578
4053.228725383405,8751.637094028732,16428663.100273184
5355.574391519204,11715.735139919658,28682177.063096292
2771.2239107891437,6541.814257506639,7679681.963729475
2649.8766239805514,8072.622182882821,7021846.122318564
2234.7240045682724,4560.744740246477,4993991.376593656
3002.307965676007,6114.070198134405,9013853.120761603
1788.9368118717696,5010.100360863348,3200294.916869931
2024.6789364326323,7866.800503846939,4099324.7956339754
2130.2458052622237,4609.223122489277,4537947.1908373
2584.680977926228,6014.140600531082,6680575.757653683
1720.8021015284512,6560.696398175257,2961159.8726247344
1694.2504846522422,6666.52209436917,2870484.7047443576
2135.8042582426974,3630.2533533056444,4561659.82952764
1803.8879149770346,2622.217198883366,3254011.609800193
1360.1342822380266,3889.1979301423025,1849965.2657191516
1522.0926591028551,2974.4191461837,2316766.0628948007
2289.203697089442,4927.678627357527,5240453.56676797
3388.0649691069675,5698.214883910941,11478984.234889796
2068.9447521180737,4144.8951453666505,4280532.387316917
1677.6964845676557,3306.7278545652616,2814665.49433067
1437.3794538336167,4380.352965207327,2066059.6943030262
2169.0869995826442,3215.9941444815145,4704938.411758438
1447.1068859585507,3201.727650302989,2094118.3393886536
2118.045627645609,5849.65098386328,4486117.280788681
1842.851258539316,4396.183904132907,3396100.7610999406
2001.370808184436,4763.421733505821,4005485.1118528233
1594.1348190166643,7334.082521958195,2541265.8212012933
1666.9876080181239,6190.6400217879755,2778847.685285986
2133.146698668827,3629.3794512153604,4550314.838041715
1487.089797147561,1961.6998025464698,2211436.064780374
1869.8967027817362,6696.705658064955,3496513.679074009
1469.9121780433857,3341.0744876421327,2160641.8111602496
1940.237424461046,4731.258868387009,3764521.2632792327
3214.5001717412156,5528.703751617077,10333011.354124304
1665.0175031099523,7204.631306597671,2772283.2856624997
1375.801389540894,3884.037924695309,1892829.4634626545
1252.1607029676964,4940.495812623409,1567906.4260565552
1245.4667660581663,4724.22557363655,1551187.465355387
1403.2445604341299,6135.80915094982,1969095.2963879744
1818.4488270013403,8036.497242459318,3306756.136422551
1220.9644126124058,4253.329475045959,1490754.0968659571
1993.0734699342531,6064.007217266971,3972341.856555764
1422.961759487961,6351.496697759923,2024820.1689650738
1251.577947340772,4063.9737863416626,1566447.35826974
2117.5024493195315,4603.0576700483425,4483816.622874215
1496.5153792709823,2697.143596377749,2239558.280394572
1956.1996649974476,3855.091305235923,3826717.129336126
1676.36122486722,4453.799278273303,2810186.956238326
1743.0268055541537,2658.165656703207,3038142.444880318
1783.5725478347797,3319.4141077143054,3181131.0333898477
1371.5348658471112,1913.4723224620413,1881107.8882342535
1192.1232953197764,2911.5895690066045,1421157.951244083
1254.200629501542,1992.769115544359,1573019.2190420642
1599.1003625670269,3612.45421120719,2557121.969561997
1331.3416428398846,3869.2100497038195,1772470.5699596026
1172.253828784409,3599.150064683053,1374179.0390997068
1496.566931144763,1912.5033022400762,2239712.5793960537
1663.7670965136183,3008.940968203173,2768120.9514413555
1529.296954551979,3522.5863688976647,2338749.175201958
1339.1109681304574,2289.4421597330975,1793218.1849672908
1977.4020879829436,3815.5487165520526,3910119.017559305
2035.3778726871274,4199.601688568121,4142763.0846243757
1976.3923808727639,5014.900524273166,3906126.843171912
2026.5963923032343,5132.929052903929,4107092.9372964846
2206.788805079798,3863.9061074419556,4869916.830225523
3013.72362772776,6281.812419146184,9082530.104324568
2652.9639482651182,4825.750187240416,7038217.710794445
1645.9569440267796,4223.833526247702,2709174.2615899756
1458.0571435250997,2326.7482807925376,2125930.633784573
2245.2424276955708,3401.6248382923673,5041113.559124301
1709.1096363050874,2759.8441478858854,2921055.748910908
1677.8263398465367,4020.0587594471303,2815101.226682826
1500.082076741261,1914.1614352829033,2250246.2369603748
1802.1584515047084,2589.561857424934,3247775.084329848
1491.5563079100325,4287.662014026009,2224740.2196662077
1763.5103379540976,3763.942942738476,3109968.712070976
1219.04197498943,4252.9673861237825,1486063.33678613
1314.6819264780602,3322.430789133247,1728388.5678080637
1684.376129194798,5147.374753183087,2837122.944601251
2471.8873100139936,4040.4691223531013,6110226.873408218
1847.0933560115038,4455.586709334786,3411753.8658218402
2255.310290750509,4698.406958534759,5086424.507565146
2207.4790534347453,3137.1278681827466,4872963.771353158
1915.059530457276,2531.1734186695717,3667453.005195242
1576.833866786784,3386.4514196227956,2486405.0434457613
1492.3853316176765,2725.0513379178865,2227213.978027602
1308.438296123126,2758.2509702457955,1712010.7747615895
3022.808454359136,4936.565738408116,9137370.951745069
1605.8380893539525,4168.750527677538,2578715.9692199524
1499.4377395475199,4388.438006400218,2248313.5347793764
4278.0614833654945,8955.262953632464,18301810.055455375
4244.714637983434,6243.380676788997,18017602.357910834
1840.835734002483,4388.637706815552,3388676.1995804603
1240.022440990388,2105.0901477497105,1537655.6541597603
3164.864019355305,8633.862531490433,10016364.261009818
1998.727452927531,4151.220739429427,3994911.431086175
1615.5279460246936,5438.185538231089,2609930.5443867655
2327.676503797996,6001.966296724995,5418077.906333261
3894.8844468514917,10753.692857629196,15170124.854325652
1611.7165738718359,5585.55763600463,2597630.3144931686
1538.1365370813164,6755.444474705522,2365864.0067045037
1835.9134102289997,6748.828351603459,3370578.049858676
3085.392533470783,8832.904541431197,9519647.085597256
5207.738396355479,12356.62007217267,27120539.204875138
1609.5520331211744,4167.365220943691,2590657.7473245063
1813.2476051207027,6852.273983795193,3287866.877475964
3342.540641781821,7763.32532171308,11172577.941963226
1771.3337353623463,4631.844147885886,3137623.2020327225
2225.1671399377956,4551.7996187104245,4951368.80065895
1339.4528485790236,1967.0347245863688,1794133.9335664606
1929.8454739418044,1860.7352080070812,3724303.5532936673
1663.1520495690174,4727.257234288827,2766074.7399856234
1515.104565880537,2475.6434261591885,2295541.8455520505
1453.9154003714416,1738.6488731531285,2113869.9914372494
1098.5850654695646,422.0626404303125,1206889.1460727677
1246.0389756456732,2557.625859603731,1552613.1288281186
1489.2485008927536,2863.726288554504,2217861.097411314
1718.4983975925616,4361.963573228025,2953236.7425282015
2107.3337382425184,6812.296316470348,4440855.484335187
1543.184051077862,5489.893579355893,2381417.0155010815
1459.4624079775995,2323.8161639545174,2130030.5202997727
1458.8222784229845,2952.167767413359,2128162.4400232276
1341.517455524426,2451.3921835636957,1799669.0834767304
1448.3835048051678,2681.9516579287806,2097814.7769917017
1973.4170238292945,3560.469803227344,3894374.7499392703
1466.193563517659,2475.7180499761694,2149723.5657006116
1461.3880997218337,3120.6723633144957,2135655.1780085918
1682.8423215248536,5181.010553550759,2831958.2791151586
2345.6987396502514,3864.908967113774,5502302.577196778
2650.5603877029284,5123.71804997617,7025470.368859897
2000.6826807163925,2577.3614080479338,4002731.1889185305
1874.9405278953027,4409.142098454416,3515401.9831443164
1490.7018346484347,2867.285490569892,2222191.959824209
1795.9807755658424,3452.7355484442023,3225546.946202085
1398.4525844613524,4849.720092598897,1955669.6309866358
2000.4950376146846,7580.30530401035,4001980.395520978
1256.765612904473,1995.6785592701028,1579459.8057791556
1501.7181858614117,2005.9173418669573,2255157.5097468896
825.4334602083696,2309.9155035065023,681340.3972315621
1342.8753504493795,4625.27105603595,1803314.2068445438
1249.3632766108724,4935.075032341527,1560908.5969438553
740.4843378822644,2583.5120174303806,548317.0546489356
828.7038111956887,3307.604207802819,686750.0066902596
1305.2408478125753,4382.04738884728,1703653.6707984905
1361.3049406843768,5548.982841969088,1853151.1415316944
1341.4607045529708,4289.524885953564,1799516.821859753
1572.3766517075717,2571.879212909376,2472368.334835114
1532.0256327376414,4280.745625382991,2347102.5393651705
1275.2136087523302,5674.692040580105,1626169.7479471413
1288.7266270630732,3300.5168516375024,1660816.3193013654
1094.7000235707894,3584.9069244910465,1198368.141605887
2859.808326060165,8342.524545516442,8178503.661803044
1536.9455413227458,6755.008170490911,2362201.596991868
1333.2125667566359,5062.3603186491455,1777455.7481578172
1760.9103664673728,6496.806699802546,3100805.318732257
3137.5602272297424,9733.510179069926,9844284.179493953
1436.6905904180041,4371.036835296521,2064079.8525956336
1037.6253285940306,1508.4156056376387,1076666.32253987
2659.0742125852994,7604.876625587254,7070675.668036129
1873.2680151302682,3268.5393885749304,3509133.056510095
1638.299152083406,5838.081772996527,2684024.111717207
2268.946992414256,4319.924627221352,5148120.454385698
2686.472171015328,9429.287328930346,7217132.725639809
1651.29396004446,6577.661265064343,2726771.742479314
1275.4881370320697,5670.381493838088,1626869.9877095397
1533.2673475976148,5598.0174984680325,2350908.7592090247
2449.2039045663532,8132.713011506775,5998599.7661430705
2988.804555000003,9467.603390753728,8932952.667988764
1584.2784197500578,3388.0642064410704,2509938.11128574
1330.497160158637,3911.3959964594537,1770222.6931901977
1947.3242162177203,5848.426431538095,3792071.6030679583
1406.822271416082,2846.1391706951727,1979148.9033523044
2631.961477549923,8051.119016817594,6927221.2193067735
1786.0341402164056,4704.831483624975,3189917.9500185554
2046.8511030710463,5398.933478586505,4189599.438143159
1662.9339221089976,5640.427589024307,2765349.2293008137
1811.381312600761,4937.5682576428135,3281102.2596392557
1764.0275752366917,5198.072240757132,3111793.2861954425
970.8386544331673,1971.2462722135222,942527.6929416029
1266.2551993175002,3506.0080343160616,1603402.2297986022
1848.733489718094,4391.736025056172,3417815.5160052422
2002.9312771149332,6157.607407911759,4011733.7008452574
1731.1650335639501,4587.94028732893,2996932.373434473
2168.5357911047977,6674.086879553346,4702547.477302511
1637.9214274577234,4214.021379451216,2682786.6025251467
1476.2136652097968,5955.099543814257,2179206.785352142
2434.7998449147262,5493.49199972765,5928250.284796775
1698.0031768387737,4520.601143868727,2883214.788554568
1834.7990496753716,4691.3640634574795,3366487.552689647
1371.5608847370167,2046.838632804521,1881179.2605405883
1358.8306707791276,2994.00864710288,1846420.791850054
1377.5776792990825,4074.294478109893,1897720.2625030458
1856.918547423479,4502.850003404371,3448146.4917653226
2043.991274465693,5699.4480152515835,4177900.330091888
1106.3905859474678,2583.346973513992,1224100.1286731812
1269.9082989583112,3514.9987744263635,1612667.0877631917
1237.8033312026325,2551.3131340641385,1532157.0867363338
1403.3787725108068,2567.2662899162524,1969471.979133939
1169.2631812614047,1972.031252127732,1367176.3870535407
1234.1283300085806,3799.337917886566,1523072.7349297681
1191.3004818100605,2906.648668890856,1419196.8379608823
1175.5985167639344,2906.706883638592,1382031.8726175628
920.7196745844598,3446.9772588002998,847724.7191669134
1037.599549174051,3707.072104582284,1076612.8244461939
1364.1973532374575,3871.459522026282,1861034.418580084
1002.3751557042895,2144.1930959351807,1004755.9527731986
1163.9924691191839,2436.621774358276,1354878.4681661741
1223.8860569034512,2460.550622999932,1497897.0802826774
1542.8170723926917,6642.0793218492545,2380284.518866356
1529.6841782817107,6026.0038128957585,2339933.6852853927
1187.0139250630484,3062.9163205555933,1409002.0582935845
1201.3083997498309,4284.057806223191,1443141.8713094995
1641.9263208784123,6567.213045550487,2695922.043193319
1778.3802609946604,4711.515898413563,3162636.352695436
1302.2945992289558,3718.665214134949,1695971.2231809068
2426.1743586112957,7397.406005310819,5886322.018382931
1612.7969671937465,5577.142711241234,2601114.057389347
1239.239476024771,4297.264928167768,1535714.4789381488
1697.73471293462,5518.224484237761,2882303.155503196
1787.1574116633321,5210.5165112003815,3193931.614063181
1672.2775769814718,3294.3597739497513,2796512.2944750227
1041.5826503763246,1350.0276434942466,1084894.417564969
1840.1630499168384,5524.602165180091,3386200.050279241
1711.8697634425298,2362.1129570368353,2930498.086988783
1638.0092900786306,5277.465037107646,2683074.434383899
1869.0453893556457,3899.6846190508613,3493330.667471597
1905.7468323511741,7088.459522026282,3631870.989016534
1203.923074838917,4281.601348131,1449430.7701295924
1526.7083185654196,4277.239735820794,2330838.2899768506
3664.9002592283337,5964.606386600395,13431493.910091907
3193.8372159479736,6108.449921699462,10200596.161974303
3489.5842350833996,7688.792605705727,12177198.133742595
1908.8788888225986,2524.716824402533,3643818.612192599
1916.9800979773213,3555.521822019473,3674812.6960411402
1814.9407263573091,4000.6523456117657,3294009.8401903966
1253.2508388945253,2120.508681146592,1570637.665189831
2326.792530531058,6729.860148430585,5413963.480135126
1727.3959210090393,4634.788452372847,2983896.667918667
1933.2031333281159,5096.566078845237,3737274.354709645
1675.7658984619081,3564.4870293456797,2808191.3464478464
2302.0799892859004,6283.364812419146,5299572.277070572
2468.427800876077,7381.723496970109,6093135.808137907
1480.5283239268965,3643.5098386328045,2191964.117949785
1379.5343931579228,4078.109416490774,1903115.1419055983
1682.8094282485292,5172.376863893239,2831847.571802142
2576.7443501701428,8472.684210526315,6639611.446133752
2522.8252883334426,7925.688023422074,6364647.435454719
2319.974295473654,8392.169333424117,5382280.731658477
2026.4854654613725,5128.536733165384,4106643.341726196
2471.6189107996806,7057.663580036768,6108900.0402226
3455.885629781191,7896.977803499693,11943145.486128137
2338.935411792271,5901.660652277525,5470618.8605358815
1951.7623287674685,4001.9434874378703,3809376.187995812
1882.1347225023458,5103.4363042146115,3542431.1136489823
1826.2005304808329,4531.33893919793,3335008.3775284756
1676.8764925938735,3565.149724245932,2811914.771413931
2259.23860088276,6453.642541022673,5104159.05571869
2960.3011605303036,9179.603390753728,8763382.961037062
2096.1201810494854,6025.495472186287,4393719.813402927
1665.4882972049313,5653.689385170559,2773851.2681265813
1664.2586011857597,4729.761966364812,2769756.6916207816
3001.889527653491,7129.4821951385575,9011340.736235699
2596.83360131869,5849.882549193164,6743544.752937797
2468.572730641574,7207.6530264860085,6093851.3264671955
1678.0487825123698,4456.09110097365,2815847.7164912466
1937.5348850277303,6087.609178184789,3754041.43069942
1615.3325440567999,5571.515966500987,2609299.227889013
1405.345135155536,4092.5089534962895,1974994.9489053313
1467.798059058935,3335.182065772452,2154431.1421771767
1264.3209136833668,2405.0012255736365,1598507.3727771435
1198.872043441009,2519.605297201607,1437294.1765444207
1388.9292386147745,2140.31844488323,1929124.4298790172
1940.480467883876,4507.643358071764,3765464.446238826
2331.711308999147,4758.999319125757,5436877.628514515
1899.5015400020247,2802.145843262749,3608106.1004700637
1710.0635771313016,2362.680465717982,2924317.4378311033
1870.9958355676195,3271.19452577109,3500625.416711374
3005.397652630161,3735.3684891400558,9032415.05043488
1951.7642156365168,2657.336964662627,3809383.5534392274
2579.5774880351805,4195.209981616395,6654220.016777892
1997.5518601512777,4149.170695172602,3990213.4339938294
2578.1307302391633,5908.128208619868,6646758.062203522
2573.792146237334,5908.491659290529,6624406.012032982
2017.8528291466187,3733.1994280656363,4071730.0400950126
1519.6827514868116,2972.720092598897,2309435.6651665266
1041.4667954122008,1780.9486620821135,1084653.0859461587
1621.508790782673,3840.5949479131204,2629290.7585854866
1393.8696678800627,2141.66378429904,1942872.651036076
1599.5070887927582,3870.036631034248,2558422.9270982845
1853.2269543583773,4308.023013549398,3434450.1443604273
1760.2314732459317,4289.715394566623,3098414.839405543
1225.3754115345805,2466.2306801933682,1501544.8991935423
1304.2114439771462,4381.811738271941,1700967.4906009529
2708.994386862286,5887.982910056513,7338650.588051372
2336.7868863982294,6219.045550486825,5460572.952442731
2702.659589850573,7706.422890992034,7304368.858611268
2477.291586205878,4042.7597875672363,6136973.603086434
2347.1954098143183,6193.602165180091,5509326.291853406
2457.3362162064145,6011.148362497447,6038501.279479659
2094.0776943000683,3259.7808265813305,4385161.389765089
1685.0817077268157,6648.694083202832,2839500.361715521
1422.5898907651626,4501.650643426159,2023761.9973072375
1775.2819065971419,5461.0459590113705,3151625.847891183
1398.7464855273488,4083.3238237897463,1956491.7307751095
1440.3688043943491,5020.800163409818,2074662.2926724066
1766.9500489483844,5903.539048137809,3122112.475478698
1462.6379321952204,3413.0087832777285,2139309.72069631
1037.2297759590608,3707.4915231156806,1075845.6081360835
1336.8538989184995,4614.270647511405,1787178.3470535933
2104.911969248327,8806.044733437733,4430654.398284869
3323.2559565161705,8485.388166405664,11044030.152520206
2768.320277703743,7563.804929529516,7663597.159945729
1762.3827011452108,3754.921563287261,3105992.7852958897
2040.601768453271,6926.010145026214,4164055.5774146174
4133.028282858532,6457.5711854020565,17081922.78690855
1749.7272367476378,2352.9715394566624,3061545.403016524
1587.258912967533,4494.86791039695,2519390.8567948746
1635.177788897396,4889.255804452918,2673806.401303377
2214.9792610887316,6088.382515149452,4906133.1270531835
2339.7409283236475,5897.833458160278,5474387.611672803
1620.8761694062375,4144.189419214271,2627239.556549038
2075.6985103729476,6906.776400898754,4308524.305964473
2482.195801721462,6374.078777149861,6161295.998083652
1701.1460024045195,4523.610744195547,2893897.7214968777
1447.7099343633113,2676.2631578947367,2095864.054054223
2455.2815462237995,4525.781984067543,6028407.471227131
2433.1256796236976,3108.157350037448,5920100.57284428
2130.4689820825283,4088.1604139715396,4538898.083615764
1341.0288194769444,2289.787499148907,1798358.2946677268
1684.2819711298266,3160.246476475795,2836805.758272974
2181.3501253989148,4407.197521617757,4758288.369577861
1754.0410154945178,2356.2937291482262,3076659.884037039
1249.669670609247,4056.2162456594265,1561674.285640624
1048.877291994539,3690.4636753591612,1100143.5736617977
2097.7578745837154,4968.3072785456525,4400588.100377986
2087.2675682452086,3259.367672090965,4356685.901448267
1664.4130525318371,4806.193300197454,2770270.809438348
1690.7417175290127,4596.242255055491,2858607.555392956
1662.7259670507358,2758.794171716484,2764657.6415048046
1255.2726220125028,2120.9500238305986,1575709.3555741438
1403.613464616776,2838.3320623680806,1970130.7580535095
1580.0312197445958,3508.5897732688773,2496498.655367595
1257.846044684024,2413.7386123782935,1582176.6721272438
1726.0177789453655,4213.384762034452,2979137.373235493
1771.2629933563574,4620.0409886294,3137372.5916337236
1887.4331919107733,5714.586436985089,3562404.0539264902
4488.771158803836,8907.081228297133,20149066.516109135
2796.7567740301206,4074.813917069517,7821848.453083368
1665.1947054208406,6175.659086266766,2772873.4069616
1065.5020938337336,3485.4497174371895,1135294.7119640703
3498.4125997401784,9997.280724450195,12238890.718020832
2020.9377957014358,3730.827057942398,4084189.5740945786
1863.7091031217367,7455.134200313202,3473411.621058828
1957.4505815468078,8749.175801729421,3831612.7791979364
2907.716270030611,9081.095118131681,8454813.90700073
1788.288629140325,5214.584258187513,3197976.221112583
3132.470093761608,9721.118540205624,9812368.888310857
6309.460326887642,13512.573432287056,39809289.6165691
7284.885501238496,14436.074487642132,53069556.76615485
9109.380455308301,15618.69837271056,82980812.27955288
4247.5951947304575,6240.659358616464,18042064.93829727
5046.11994412153,8097.388574930211,25463326.490461078
7439.270977906105,8846.008034316063,55342752.682716064
2795.716448749111,4079.1371961598693,7816030.461806341
2023.2060879088212,7849.561244638116,4093362.8741513165
1220.0698830677095,3575.763123851025,1488570.5195688542
2101.288066549843,4017.825696193913,4415411.538624777
2475.2470396654153,7193.420780281882,6126847.907372403
1400.369580033294,4289.214134949275,1961034.9606826238
1308.4123555675426,3258.0548784639477,1711942.8922018053
946.744578669388,599.3076870701981,896325.2972398772
1238.5921255717287,3799.630149111459,1534110.453528293
2000.94510128465,7566.978075849391,4003781.2983550387
3089.3719899544717,11474.282698985497,9544219.292315252
6480.224252234598,17948.345747940355,41993306.35924945
5474.780022618103,13824.120650915776,29973216.296058286
1677.6714406475871,4016.567100156601,2814581.4627645505
1782.1352277161855,5771.276094505345,3176005.9698670204
4172.201230189106,5816.983386668482,17407263.105191495
2137.0935607094516,4088.7659835228433,4567168.887225803
1880.2453457147315,5970.438346837339,3535322.56008191
1282.9288442092572,4032.084019881528,1645906.4193041008
1917.8704485533824,5374.575270647511,3678227.057434352
2324.628326965954,8394.977054538027,5403896.85853253
2089.628912336789,6461.716892489957,4366548.991273833
2667.708230491487,8094.714986042078,7116667.2030320205
2173.8679892606633,4297.761149315721,4725702.034732199
2177.4893252281963,6685.730578062232,4741459.761482746
1536.9057896525503,5489.169537686389,2362079.4062675294
2242.502337028172,7745.521958194321,5028816.731576813
5010.35616598331,11696.059916933342,25103668.910006978
5464.658960117728,13833.108327091986,29862497.550394975
1170.2553452433067,3598.327296248383,1369497.573070531
1233.2711898008617,3981.476816232042,1520957.8275928332
1984.6255819392934,5467.657792605706,3938738.7004878786
2772.5381019557676,7569.446721590522,7686967.526796491
1814.9736679534694,8022.820249199973,3294129.415364471
1195.7433724414911,5269.174167631239,1429802.2127377507
2019.2483002008387,7032.775311499966,4077363.697863976
2702.9553923462295,7703.787567236332,7305967.853013559
2901.692300186301,10464.198679103969,8419818.204960465
2357.949105761556,8386.701232382378,5559923.985361721
3439.50293510757,5818.306052972016,11830180.440613588
3495.298281370132,7692.368693402329,12217110.075748997
2981.4418367252133,9457.132702389868,8888995.425775412
2974.9603228992373,7550.974603390754,8850388.922824735
3591.8412660181884,8324.138285558658,12901323.680271141
8807.651256824409,16354.443249131886,77574720.66184059
5209.755420654091,12347.32164499217,27141551.543034684
4119.540748376614,11699.411248042486,16970615.977535352
7500.327335788972,14634.711513583441,56254910.143983305
9112.56745085979,15628.020221965004,83038885.54646927
2117.46779003749,5835.3319942806565,4483669.841846251
904.7725419180782,1884.33621570096,818613.3526089005
5298.222731920572,11827.855178048614,28071164.11703989
2586.0100183406316,4200.45836454007,6687447.814958113
2214.9131575914953,8609.377272417785,4905840.295671929
1802.2513098408178,6316.614557091305,3248109.7838229435
5615.867825449738,16139.176142166541,31537971.432921574
2427.3085340728494,7407.145162388507,5891826.7195828855
2856.824761951722,8327.690815006468,8161447.720500513
6897.70042349728,10726.99312317015,47578271.13231456
8751.36380443175,13495.996595628787,76586368.43751815
8808.341088485526,16354.501804316742,77586872.73110236
3030.4669704130456,4941.470620276435,9183730.058764424
2451.761633255315,5985.0689044733435,6011135.106302768
3671.7437179497515,8197.509702457955,13481701.930303466
1726.503454717526,4225.12344250017,2980814.1791515523
2750.6335984424554,6522.883842854225,7565985.192880492
2127.605310607313,5437.806291278001,4526704.357724442
2306.713155247857,5527.429223122489,5320925.580593523
2090.727335087019,6012.639477088582,4371140.789680069
1504.3775687251318,3131.5280860625044,2263151.869283339
1320.283332747469,3106.8439436236126,1743148.078730764
907.1639334501717,1109.5301286852318,822946.4021527877
1103.7430694404684,2581.4156056376387,1218248.7633378666
1982.4410567133427,2567.807380676789,3930072.543342715
2376.653726279426,3194.544222782052,5648482.934637881
2241.532861919075,2036.1264383468374,5024469.571063118
2172.4091101050303,4288.304963573228,4719361.34166733
2637.36931906891,4813.3439095799,6955716.925166006
2142.865356431059,6977.218628719275,4591871.93579241
3187.2898289722584,6717.602982229182,10158816.45387001
2481.966648475254,6370.159120310479,6160158.444143483
1744.2239040461748,2849.2611833594333,3042317.0274460795
1338.070898726308,2018.4918635528018,1790433.7300182297
1069.5011272014497,2543.674337849799,1143832.6610851716
1479.6489171728279,3639.879008647103,2189360.918090722
1622.9664418536995,1925.6555457207053,2634020.071383258
1985.9988290985114,2662.549737863417,3944191.349180658
910.8117612766456,1112.3813576632397,829578.0644798653
975.8418935135452,1975.658133042827,952267.4011361012
1094.6765349734849,421.6392047388847,1198316.7162215554
1270.2535773158083,408.8410839517941,1613544.1506836081
858.0721912895672,301.4885272690134,736287.8854644796
946.217426049171,599.2647239054946,895327.4173591182
1378.1017811287504,1915.7953292026962,1899164.5191502343
1252.8418315506078,2417.838360454824,1569612.6548830813
1259.6663817511371,3150.4968339347724,1586759.3933140014
1469.6770284852169,3417.011506774699,2159950.5680571366
1659.5784048684723,7189.370055150814,2754200.481905783
1240.5851431729693,3623.0718322325865,1539051.4974614969
1412.6711077057237,3627.2662218288283,1995639.6585465164
1758.4117444451936,4283.5895690066045,3092011.8630027887
2047.1627762128269,8837.530196772655,4190875.432311409
1944.1265462080978,8161.4509430108255,3779628.027671027
1621.2649786027584,3717.6010757813033,2628500.130843803
1906.1739728272364,7085.611833594335,3633499.21468397
2684.2188519802935,9411.494518962347,7205030.845326404
3206.8535730296485,9229.20174303806,10283909.838853024
2754.499466590145,6605.597126710696,7587267.311445393
5614.044641199803,16130.400626404304,31517497.233384218
3911.7120991260367,10752.078845237285,15301491.546449024
2648.8520591872975,8445.9407639409,7016417.2314607855
3687.410107653034,10476.364676244297,13596993.30202176
2907.0072055030323,9079.36229318445,8450690.892846549
2060.656374647741,4141.216858446245,4246304.69437637
1206.3737395535677,1705.6320555593381,1455337.599484459
1818.7297550490086,3851.6402260502487,3307777.9219006267
1899.5720061806194,2797.952951589841,3608373.806665063
1691.5037083377242,3630.4681691291617,2861184.7953202724
1857.2584138320594,4185.863144277252,3449408.8157499772
1620.7103199632136,3714.070538571526,2626701.9412352624
1187.8405193479232,3064.0017021856065,1410965.0994047436
1571.6321626390904,2569.7884523728467,2470027.654641624
3289.969196965473,4018.3883025805135,10823897.31698164
3695.4547186062887,4481.6977599237425,13656385.577269483
3445.3476820152764,5817.636004629945,11870420.649968037
2203.3301727583053,3136.302989037925,4854663.850187144
2432.5563914528066,4446.73983795193,5917330.5975979
2067.352163688509,4060.340777558385,4273944.96870756
1667.361867776698,2756.9746033907536,2780095.5981157995
2529.704704104743,5711.155035065023,6399405.889969666
2196.346909279261,4876.101382174712,4823939.745900562
2262.337181390612,5332.887179138013,5118169.522302418
1829.3342374286103,4530.998842513788,3346463.752228515
1847.6885570310003,3853.3767277183906,3413953.0037833
1699.2693295357567,4233.286920405801,2887516.2543009
1073.7339838706464,2543.7089262613194,1152904.6681187297
1360.9628347200985,2993.830734663308,1852219.8374893663
1461.809196177127,3115.161911894873,2136886.126028018
1699.0292099278847,4924.380676788997,2886700.2561881724
2160.98907539177,5241.517872948866,4669873.783962577
1917.4388145009189,5374.753863961327,3676571.6073546894
1972.876142588573,5011.095458568802,3892240.273995167
2536.0802396033523,9730.382310887178,6431702.981706597
3182.4171756042324,9146.274937019132,10127779.079580821
2216.0088382516105,6093.306801933682,4910695.171209252
2882.42900786195,3875.8818683189215,8308396.985364025
2451.450711920489,5336.104037584259,6009610.592975472
2264.9947878331527,5334.662286375707,5130201.388911348
1936.003120294753,5104.961530605297,3748108.08179102
2759.685367499433,4476.626608565398,7615863.32759048
3288.0742047837757,7394.18907877715,10811431.97616446
2313.4936380221375,5536.6605841901,5352252.813168906
2056.085638873491,5412.895758153469,4227488.154381813
1936.7659733578578,1860.3921835636959,3751062.4355568103
2434.44361952883,2783.640362225097,5926515.736664631
2718.861962872509,3444.2176074079116,7392210.373154954
2107.2606841005236,4030.9731735548444,4440547.590755807
1963.363214869129,3864.1414856675974,3854795.113501242
2599.7492151056113,5899.856471709675,6758695.981442241
1800.0111047354526,6623.336828487778,3240039.9771709447
1783.6662288982452,5471.268264451556,3181465.2161120875
1863.025391180445,6688.589773268877,3470863.6081830505
1517.7745029975206,4402.168720637298,2303639.4419493703
1816.9916987097358,4590.24879144822,3301458.833180092
1619.6747079052207,3839.496016885681,2623346.1594278617
2004.1651161041302,6867.396949683393,4016677.8126086816
2329.6511715301167,6768.957377272418,5427274.581011645
1823.584961926883,3854.7932184925444,3325462.113365871
1838.5650018485992,5534.383400285968,3380321.2660225397
2650.3699341810716,7606.346905426568,7024460.788010977
2294.022550400167,7052.348948049295,5262539.461744485
3145.704579503478,6828.363791107782,9895457.301509151
5291.32181384322,11830.44093415946,27998086.537653107
3167.0939222894117,8630.738203853749,10030483.912602529
3915.911004811205,15020.927486893172,15334358.997601504
6462.938309880486,17180.275549805952,41769571.59732083
3495.430451019633,10008.732348335263,12218034.037915314
1357.0822105658342,3888.432082794308,1841672.1262342513
1096.1079599189209,2077.366106080207,1201452.6597976189
1820.6668417557278,4592.451147273098,3314827.748668776
1199.150907251059,2520.55443589569,1437962.898361038
1382.080020898052,3212.4885953564376,1910145.1841655597
1812.3099873350443,3476.6427452849457,3284467.4901943486
1415.8401742162598,3632.733641996323,2004603.3989247286
1168.3714400516026,2442.463947708858,1365091.8219282555
831.433464018784,3304.998365901818,691281.6050902746
1123.7065827961283,3540.9265336692315,1262716.484219352
1504.0359152341669,4768.5160345884115,2262124.034314278
2016.379758143875,7037.554708245387,4065787.329052352
1692.0692819530202,5142.889153673316,2863098.4549290095
2273.29210195174,9739.991557159392,5167856.980796159
3369.502168902262,9636.58548376115,11353544.866237048
2102.703348884166,4975.278205215497,4421361.373408688
1719.3278911805917,6545.465717981889,2956088.397391501
1623.5033699659102,5075.216722271396,2635763.1922906674
1797.1224575914687,6613.491795465377,3229649.1275796
1614.9017699650788,5568.414788588548,2607907.726636344
953.0432292900024,3335.8706338939196,908291.396895516
1346.0826909550126,4238.791924831484,1811938.610888688
1255.4651702082058,3148.115612446381,1576192.793605919
922.3171044806779,3445.4400490229455,850668.8412176218
823.2926976478949,2306.631715122217,677810.866000348
1203.7079440969173,4875.007217266971,1448912.8146820273
1963.3654933722005,5998.730782324505,3854804.060564664
1986.8434289624772,5466.2634983318585,3947546.811211374
1493.8293557858071,4282.61367195479,2231526.1442074394
2012.7139057929653,7147.452168584462,4051017.266572374
4503.188208000694,8354.521958194322,20278704.036676507
2181.943422934808,4404.020630489548,4760877.100888466
1294.1112741649304,5083.272553959284,1674723.9899207794
1957.9616071246492,6965.154898890175,3833613.654974139
3174.0884980361498,9140.902771158168,10074837.793365382
3454.838301145889,7898.738271941173,11935907.687064612
1188.2673319835628,3861.74943827875,1411979.2522593348
1557.308372250694,6140.019200653639,2425209.3662821064
3182.2749898848474,6725.232382378975,10126874.111246604
2438.6170064237913,5500.065840539252,5946852.904019333
1340.54941693267,2450.6716143528292,1797072.7392385215
2030.9115788979032,3678.4347382038536,4124601.841301574
4634.910055995444,4947.96078164363,21482391.22716769
4168.028935572275,5818.425614489004,17372465.20776775
1532.9879587819996,3524.1809763736637,2350052.0817706017
1932.5833896853815,5717.415401375366,3734878.558087839
4510.986335509424,8353.254034179887,20348997.719152737
4137.693288747744,6461.861169741948,17120505.751748126
1421.8348815727004,6339.445496016886,2021614.4304568549
1573.8246044004024,6869.7114454960165,2476923.885416083
3365.1247566395164,9631.705794239804,11324064.627748165
2456.9125562745485,6008.380472526725,6036419.309179536
1793.6715085723254,6311.11799550623,3217257.4806641215
1774.0271530485168,6404.119016817594,3147172.3397534257
2064.2775048329127,4057.434261591884,4261241.616959196
1815.9166410466366,4002.7838905154217,3297553.2472300995
1944.1188161174382,5843.345407503234,3779597.9711818695
1868.515209068699,5140.669912167223,3491349.0865210444
2111.9256688648316,4270.989923061211,4460230.030810166
3670.0269384200096,8189.91339279635,13469097.72872855
3353.646258784656,7758.683870089195,11246943.229060318
4553.0269998055865,12996.342820181113,20730054.860958662
12156.45246834864,19322.43194661946,147779336.61521974
7443.132587397648,8848.560291414176,55400222.71358081
1601.4400835285112,7324.298631442773,2564610.341131805
1072.6256869633492,4269.765370736025,1150525.8643335965
6460.9816508419935,17173.38796214339,41744283.89251693
2576.313657885969,5907.092190372438,6637392.063809781
1492.993192037293,6229.266630353373,2229028.671469705
1656.8201475059627,6213.62551916661,2745053.00118168
3679.7919687322833,10478.1412133179,13540868.933146613
1699.3285194184402,5521.278341390345,2887717.416908868
1761.6173046939487,6495.956832573023,3103295.528197172
3220.7712343275957,8194.864778375433,10373367.343872106
5895.130302872476,10652.595220262818,34752561.287845336
7504.704778429295,14634.34084564581,56320593.8113795
4289.251565486897,8957.166473752299,18397678.992031794
5137.458010909007,16121.15258391775,26393474.81385313
12162.54258216267,19316.971539456663,147927442.0629202
4500.902179269314,8921.388302580513,20258120.42735126
1784.2215230801025,5002.419486620821,3183446.443422281
1002.3510059519674,2341.349084224144,1004707.539132921
2711.55755099178,3433.76673248451,7352544.352340539
2601.9475565075936,5839.026009396064,6770131.086815837
990.6738526725409,1781.0795941989516,981434.6823690552
1028.605889778696,1274.603186491455,1058030.0764874232
862.7869964254766,302.013208960305,744401.4012008953
1176.6787186257682,1975.659426703888,1384572.8068667797
1397.126015512373,4845.556410430993,1951961.1032214796
1840.8959966672087,7677.992169946211,3388898.0705453553
5973.023180389768,9090.42234629264,35677005.913473494
5026.5759382638735,11703.0364948594,25266465.66313334
1701.9951913663829,2758.8005719343637,2896787.63143429
1652.0393198245597,3046.659835228433,2729233.914246394
4644.214156244561,4946.724041669504,21568725.129062384
2436.1866042972797,3108.3943623612718,5935005.170957509
2019.5264840194984,5589.106284469259,4078487.219656158
1374.7607975413987,3771.8736297405867,1889967.2504566626
2163.495516946719,5237.632191734187,4680712.85184855
2529.3334281087496,7930.215428610336,6397527.590548358
1998.327937240267,3723.1408047933546,3993314.54475494
2229.4531960537756,4305.049022945462,4970461.553394396
2248.058603029983,2044.536869340233,5053767.482657118
1740.9581095504325,4598.355144004902,3030935.1392094153
2105.03396789004,6809.2459317764005,4431168.005970886
2302.430125294812,7537.687546810104,5301184.481865084
5970.21074580819,9097.21100292776,35643416.34936358
6479.450896526533,17959.340981820656,41983283.92049849
1335.6805829303305,3872.9268060189283,1784042.6196171073
1502.777134910869,4050.7819159801184,2258339.1172109204
1964.3124682470136,6002.417852522639,3858523.472910675
3321.7424994301527,8495.606863212364,11033973.23252048
1404.0086661706325,6123.225301286852,1971240.3346822385
935.8556493834864,3776.8705658064955,875825.7964829869
1506.933466229317,4770.793218492545,2270848.4716419037
2339.1819866659102,6215.314495812623,5471772.366742274
1998.6393859986301,6516.484578198407,3994559.395264981
1861.747639001673,5156.235854837611,3466104.2713283035
3686.958739148541,4482.4200313202155,13593664.7441838
3197.7866410414035,6116.533124531899,10225839.401622862
2449.055533518447,8127.770273030571,5997873.006257325
2305.9222218289256,7568.645196432219,5317277.2931244485
3762.913871943348,7951.232927078368,14159520.807663681
8759.651623913374,13502.727173691019,76731496.57232822
3088.5153906429573,8830.582011302513,9538927.318238419
2250.5009403315935,7775.5866412473615,5064754.482433387
5896.171792249405,10652.265949479131,34764841.80371757
7299.084401743561,14449.304282698986,53276633.10377616
1444.186762748036,3202.864029413767,2085675.4056966521
772.7363635594367,1122.093756383196,597121.4875670619
3151.8790690377646,6834.218288282154,9934341.665838365
1958.6152474365504,2658.13528971199,3836173.687490939
1369.7127675913057,3713.61367195479,1876113.0657026344
1539.0519431085916,2293.260774834888,2368680.8835863313
2752.557571543209,6613.110982501532,7576573.184659848
1305.484170538785,3724.452849458705,1704288.9195273397
1095.5159957751682,3585.6797848437395,1200155.2969992582
1529.8671265114617,3588.6299448491864,2340493.424780437
3767.039755463946,7956.762442976782,14190588.519245867
3598.696300485819,8335.188670252604,12950615.063130321
1309.1737589428521,2764.120106216382,1713935.931104557
1371.3890821063817,3539.178457138966,1880708.0145205841
2116.860600196846,4281.76945598148,4481098.800665752
1254.0571246075363,2436.005106556819,1572659.2717789218
